OID_,KDPKAB,KDPPUM,WADMKK,WADMPR,METADATA,UPDATED,BPSKAB
0, , , , ,TASWIL1000020230928_DATA_BATAS_KABUPATEN,Lapak GIS - 2024,0
1, , , ,Jawa Timur,TASWIL1000020230928_DATA_BATAS_KABUPATEN,Lapak GIS - 2024,0
2, ,13, ,Sumatera Barat,TASWIL1000020230928_DATA_BATAS_KABUPATEN,Lapak GIS - 2024,0
3, ,61, ,Kalimantan Barat,TASWIL1000020230928_DATA_BATAS_KABUPATEN,Lapak GIS - 2024,0
4, ,81, ,Maluku,TASWIL1000020230928_DATA_BATAS_KABUPATEN,Lapak GIS - 2024,0
5, ,82, ,Maluku Utara,TASWIL1000020230928_DATA_BATAS_KABUPATEN,Lapak GIS - 2024,0
6,11.01,11,Aceh Selatan,Aceh,TASWIL1000020230928_DATA_BATAS_KABUPATEN,Lapak GIS - 2024,1101
7,11.02,11,Aceh Tenggara,Aceh,TASWIL1000020230928_DATA_BATAS_KABUPATEN,Lapak GIS - 2024,1102
8,11.03,11,Aceh Timur,Aceh,TASWIL1000020230928_DATA_BATAS_KABUPATEN,Lapak GIS - 2024,1103
9,11.04,11,Aceh Tengah,Aceh,TASWIL1000020230928_DATA_BATAS_KABUPATEN,Lapak GIS - 2024,1104
10,11.05,11,Aceh Barat,Aceh,TASWIL1000020230928_DATA_BATAS_KABUPATEN,Lapak GIS - 2024,1105
11,11.06,11,Aceh Besar,Aceh,TASWIL1000020230928_DATA_BATAS_KABUPATEN,Lapak GIS - 2024,1106
12,11.07,11,Pidie,Aceh,TASWIL1000020230928_DATA_BATAS_KABUPATEN,Lapak GIS - 2024,1107
13,11.08,11,Aceh Utara,Aceh,TASWIL1000020230928_DATA_BATAS_KABUPATEN,Lapak GIS - 2024,1108
14,11.09,11,Simeulue,Aceh,TASWIL1000020230928_DATA_BATAS_KABUPATEN,Lapak GIS - 2024,1109
15,11.10,11,Aceh Singkil,Aceh,TASWIL1000020230928_DATA_BATAS_KABUPATEN,Lapak GIS - 2024,1110
16,11.11,11,Bireuen,Aceh,TASWIL1000020230928_DATA_BATAS_KABUPATEN,Lapak GIS - 2024,1111
17,11.12,11,Aceh Barat Daya,Aceh,TASWIL1000020230928_DATA_BATAS_KABUPATEN,Lapak GIS - 2024,1112
18,11.13,11,Gayo Lues,Aceh,TASWIL1000020230928_DATA_BATAS_KABUPATEN,Lapak GIS - 2024,1113
19,11.14,11,Aceh Jaya,Aceh,TASWIL1000020230928_DATA_BATAS_KABUPATEN,Lapak GIS - 2024,1114
20,11.15,11,Nagan Raya,Aceh,TASWIL1000020230928_DATA_BATAS_KABUPATEN,Lapak GIS - 2024,1115
21,11.16,11,Aceh Tamiang,Aceh,TASWIL1000020230928_DATA_BATAS_KABUPATEN,Lapak GIS - 2024,1116
22,11.17,11,Bener Meriah,Aceh,TASWIL1000020230928_DATA_BATAS_KABUPATEN,Lapak GIS - 2024,1117
23,11.18,11,Pidie Jaya,Aceh,TASWIL1000020230928_DATA_BATAS_KABUPATEN,Lapak GIS - 2024,1118
24,11.71,11,Kota Banda Aceh,Aceh,TASWIL1000020230928_DATA_BATAS_KABUPATEN,Lapak GIS - 2024,1171
25,11.72,11,Kota Sabang,Aceh,TASWIL1000020230928_DATA_BATAS_KABUPATEN,Lapak GIS - 2024,1172
26,11.73,11,Kota Lhokseumawe,Aceh,TASWIL1000020230928_DATA_BATAS_KABUPATEN,Lapak GIS - 2024,1173
27,11.74,11,Kota Langsa,Aceh,TASWIL1000020230928_DATA_BATAS_KABUPATEN,Lapak GIS - 2024,1174
28,11.75,11,Kota Subulussalam,Aceh,TASWIL1000020230928_DATA_BATAS_KABUPATEN,Lapak GIS - 2024,1175
29,12.--,12, ,Sumatera Utara,TASWIL1000020230928_DATA_BATAS_KABUPATEN,Lapak GIS - 2024,0
30,12.01,12,Tapanuli Tengah,Sumatera Utara,TASWIL1000020230928_DATA_BATAS_KABUPATEN,Lapak GIS - 2024,1201
31,12.02,12,Tapanuli Utara,Sumatera Utara,TASWIL1000020230928_DATA_BATAS_KABUPATEN,Lapak GIS - 2024,1202
32,12.03,12,Tapanuli Selatan,Sumatera Utara,TASWIL1000020230928_DATA_BATAS_KABUPATEN,Lapak GIS - 2024,1203
33,12.04,12,Nias,Sumatera Utara,TASWIL1000020230928_DATA_BATAS_KABUPATEN,Lapak GIS - 2024,1204
34,12.05,12,Langkat,Sumatera Utara,TASWIL1000020230928_DATA_BATAS_KABUPATEN,Lapak GIS - 2024,1205
35,12.06,12,Karo,Sumatera Utara,TASWIL1000020230928_DATA_BATAS_KABUPATEN,Lapak GIS - 2024,1206
36,12.07,12,Deli Serdang,Sumatera Utara,TASWIL1000020230928_DATA_BATAS_KABUPATEN,Lapak GIS - 2024,1207
37,12.08,12,Simalungun,Sumatera Utara,TASWIL1000020230928_DATA_BATAS_KABUPATEN,Lapak GIS - 2024,1208
38,12.09,12,Asahan,Sumatera Utara,TASWIL1000020230928_DATA_BATAS_KABUPATEN,Lapak GIS - 2024,1209
39,12.10,12,Labuhanbatu,Sumatera Utara,TASWIL1000020230928_DATA_BATAS_KABUPATEN,Lapak GIS - 2024,1210
40,12.11,12,Dairi,Sumatera Utara,TASWIL1000020230928_DATA_BATAS_KABUPATEN,Lapak GIS - 2024,1211
41,12.12,12,Toba,Sumatera Utara,TASWIL1000020230928_DATA_BATAS_KABUPATEN,Lapak GIS - 2024,1212
42,12.13,12,Mandailing Natal,Sumatera Utara,TASWIL1000020230928_DATA_BATAS_KABUPATEN,Lapak GIS - 2024,1213
43,12.14,12,Nias Selatan,Sumatera Utara,TASWIL1000020230928_DATA_BATAS_KABUPATEN,Lapak GIS - 2024,1214
44,12.15,12,Pakpak Bharat,Sumatera Utara,TASWIL1000020230928_DATA_BATAS_KABUPATEN,Lapak GIS - 2024,1215
45,12.16,12,Humbang Hasundutan,Sumatera Utara,TASWIL1000020230928_DATA_BATAS_KABUPATEN,Lapak GIS - 2024,1216
46,12.17,12,Samosir,Sumatera Utara,TASWIL1000020230928_DATA_BATAS_KABUPATEN,Lapak GIS - 2024,1217
47,12.18,12,Serdang Bedagai,Sumatera Utara,TASWIL1000020230928_DATA_BATAS_KABUPATEN,Lapak GIS - 2024,1218
48,12.19,12,Batu Bara,Sumatera Utara,TASWIL1000020230928_DATA_BATAS_KABUPATEN,Lapak GIS - 2024,1219
49,12.20,12,Padang Lawas Utara,Sumatera Utara,TASWIL1000020230928_DATA_BATAS_KABUPATEN,Lapak GIS - 2024,1220
50,12.21,12,Padang Lawas,Sumatera Utara,TASWIL1000020230928_DATA_BATAS_KABUPATEN,Lapak GIS - 2024,1221
51,12.22,12,Labuhanbatu Selatan,Sumatera Utara,TASWIL1000020230928_DATA_BATAS_KABUPATEN,Lapak GIS - 2024,1222
52,12.23,12,Labuhanbatu Utara,Sumatera Utara,TASWIL1000020230928_DATA_BATAS_KABUPATEN,Lapak GIS - 2024,1223
53,12.24,12,Nias Utara,Sumatera Utara,TASWIL1000020230928_DATA_BATAS_KABUPATEN,Lapak GIS - 2024,1224
54,12.25,12,Nias Barat,Sumatera Utara,TASWIL1000020230928_DATA_BATAS_KABUPATEN,Lapak GIS - 2024,1225
55,12.71,12,Kota Medan,Sumatera Utara,TASWIL1000020230928_DATA_BATAS_KABUPATEN,Lapak GIS - 2024,1271
56,12.72,12,Kota Pematangsiantar,Sumatera Utara,TASWIL1000020230928_DATA_BATAS_KABUPATEN,Lapak GIS - 2024,1272
57,12.73,12,Kota Sibolga,Sumatera Utara,TASWIL1000020230928_DATA_BATAS_KABUPATEN,Lapak GIS - 2024,1273
58,12.74,12,Kota Tanjung Balai,Sumatera Utara,TASWIL1000020230928_DATA_BATAS_KABUPATEN,Lapak GIS - 2024,1274
59,12.75,12,Kota Binjai,Sumatera Utara,TASWIL1000020230928_DATA_BATAS_KABUPATEN,Lapak GIS - 2024,1275
60,12.76,12,Kota Tebing Tinggi,Sumatera Utara,TASWIL1000020230928_DATA_BATAS_KABUPATEN,Lapak GIS - 2024,1276
61,12.77,12,Kota Padang Sidempuan,Sumatera Utara,TASWIL1000020230928_DATA_BATAS_KABUPATEN,Lapak GIS - 2024,1277
62,12.78,12,Kota Gunungsitoli,Sumatera Utara,TASWIL1000020230928_DATA_BATAS_KABUPATEN,Lapak GIS - 2024,1278
63,13.--,13, ,Sumatera Barat,TASWIL1000020230928_DATA_BATAS_KABUPATEN,Lapak GIS - 2024,0
64,13.01,13,Pesisir Selatan,Sumatera Barat,TASWIL1000020230928_DATA_BATAS_KABUPATEN,Lapak GIS - 2024,1301
65,13.02,13,Solok,Sumatera Barat,TASWIL1000020230928_DATA_BATAS_KABUPATEN,Lapak GIS - 2024,1302
66,13.03,13,Sijunjung,Sumatera Barat,TASWIL1000020230928_DATA_BATAS_KABUPATEN,Lapak GIS - 2024,1303
67,13.04,13,Tanah Datar,Sumatera Barat,TASWIL1000020230928_DATA_BATAS_KABUPATEN,Lapak GIS - 2024,1304
68,13.05,13,Padang Pariaman,Sumatera Barat,TASWIL1000020230928_DATA_BATAS_KABUPATEN,Lapak GIS - 2024,1305
69,13.06,13,Agam,Sumatera Barat,TASWIL1000020230928_DATA_BATAS_KABUPATEN,Lapak GIS - 2024,1306
70,13.07,13,Lima Puluh Kota,Sumatera Barat,TASWIL1000020230928_DATA_BATAS_KABUPATEN,Lapak GIS - 2024,1307
71,13.08,13,Pasaman,Sumatera Barat,TASWIL1000020230928_DATA_BATAS_KABUPATEN,Lapak GIS - 2024,1308
72,13.09,13,Kepulauan Mentawai,Sumatera Barat,TASWIL1000020230928_DATA_BATAS_KABUPATEN,Lapak GIS - 2024,1309
73,13.10,13,Dharmasraya,Sumatera Barat,TASWIL1000020230928_DATA_BATAS_KABUPATEN,Lapak GIS - 2024,1310
74,13.11,13,Solok Selatan,Sumatera Barat,TASWIL1000020230928_DATA_BATAS_KABUPATEN,Lapak GIS - 2024,1311
75,13.12,13,Pasaman Barat,Sumatera Barat,TASWIL1000020230928_DATA_BATAS_KABUPATEN,Lapak GIS - 2024,1312
76,13.71,13,Kota Padang,Sumatera Barat,TASWIL1000020230928_DATA_BATAS_KABUPATEN,Lapak GIS - 2024,1371
77,13.72,13,Kota Solok,Sumatera Barat,TASWIL1000020230928_DATA_BATAS_KABUPATEN,Lapak GIS - 2024,1372
78,13.73,13,Kota Sawahlunto,Sumatera Barat,TASWIL1000020230928_DATA_BATAS_KABUPATEN,Lapak GIS - 2024,1373
79,13.74,13,Kota Padang Panjang,Sumatera Barat,TASWIL1000020230928_DATA_BATAS_KABUPATEN,Lapak GIS - 2024,1374
80,13.75,13,Kota Bukittinggi,Sumatera Barat,TASWIL1000020230928_DATA_BATAS_KABUPATEN,Lapak GIS - 2024,1375
81,13.76,13,Kota Payakumbuh,Sumatera Barat,TASWIL1000020230928_DATA_BATAS_KABUPATEN,Lapak GIS - 2024,1376
82,13.77,13,Kota Pariaman,Sumatera Barat,TASWIL1000020230928_DATA_BATAS_KABUPATEN,Lapak GIS - 2024,1377
83,14.01,14,Kampar,Riau,TASWIL1000020230928_DATA_BATAS_KABUPATEN,Lapak GIS - 2024,1401
84,14.02,14,Indragiri Hulu,Riau,TASWIL1000020230928_DATA_BATAS_KABUPATEN,Lapak GIS - 2024,1402
85,14.03,14,Bengkalis,Riau,TASWIL1000020230928_DATA_BATAS_KABUPATEN,Lapak GIS - 2024,1403
86,14.04,14,Indragiri Hilir,Riau,TASWIL1000020230928_DATA_BATAS_KABUPATEN,Lapak GIS - 2024,1404
87,14.05,14,Pelalawan,Riau,TASWIL1000020230928_DATA_BATAS_KABUPATEN,Lapak GIS - 2024,1405
88,14.06,14,Rokan Hulu,Riau,TASWIL1000020230928_DATA_BATAS_KABUPATEN,Lapak GIS - 2024,1406
89,14.07,14,Rokan Hilir,Riau,TASWIL1000020230928_DATA_BATAS_KABUPATEN,Lapak GIS - 2024,1407
90,14.08,14,Siak,Riau,TASWIL1000020230928_DATA_BATAS_KABUPATEN,Lapak GIS - 2024,1408
91,14.09,14,Kuantan Singingi,Riau,TASWIL1000020230928_DATA_BATAS_KABUPATEN,Lapak GIS - 2024,1409
92,14.10,14,Kepulauan Meranti,Riau,TASWIL1000020230928_DATA_BATAS_KABUPATEN,Lapak GIS - 2024,1410
93,14.71,14,Kota Pekanbaru,Riau,TASWIL1000020230928_DATA_BATAS_KABUPATEN,Lapak GIS - 2024,1471
94,14.72,14,Kota Dumai,Riau,TASWIL1000020230928_DATA_BATAS_KABUPATEN,Lapak GIS - 2024,1472
95,15.01,15,Kerinci,Jambi,TASWIL1000020230928_DATA_BATAS_KABUPATEN,Lapak GIS - 2024,1501
96,15.02,15,Merangin,Jambi,TASWIL1000020230928_DATA_BATAS_KABUPATEN,Lapak GIS - 2024,1502
97,15.03,15,Sarolangun,Jambi,TASWIL1000020230928_DATA_BATAS_KABUPATEN,Lapak GIS - 2024,1503
98,15.04,15,Batanghari,Jambi,TASWIL1000020230928_DATA_BATAS_KABUPATEN,Lapak GIS - 2024,1504
99,15.05,15,Muaro Jambi,Jambi,TASWIL1000020230928_DATA_BATAS_KABUPATEN,Lapak GIS - 2024,1505
100,15.06,15,Tanjung Jabung Barat,Jambi,TASWIL1000020230928_DATA_BATAS_KABUPATEN,Lapak GIS - 2024,1506
101,15.07,15,Tanjung Jabung Timur,Jambi,TASWIL1000020230928_DATA_BATAS_KABUPATEN,Lapak GIS - 2024,1507
102,15.08,15,Bungo,Jambi,TASWIL1000020230928_DATA_BATAS_KABUPATEN,Lapak GIS - 2024,1508
103,15.09,15,Tebo,Jambi,TASWIL1000020230928_DATA_BATAS_KABUPATEN,Lapak GIS - 2024,1509
104,15.71,15,Kota Jambi,Jambi,TASWIL1000020230928_DATA_BATAS_KABUPATEN,Lapak GIS - 2024,1571
105,15.72,15,Kota Sungai Penuh,Jambi,TASWIL1000020230928_DATA_BATAS_KABUPATEN,Lapak GIS - 2024,1572
106,16.01,16,Ogan Komering Ulu,Sumatera Selatan,TASWIL1000020230928_DATA_BATAS_KABUPATEN,Lapak GIS - 2024,1601
107,16.02,16,Ogan Komering Ilir,Sumatera Selatan,TASWIL1000020230928_DATA_BATAS_KABUPATEN,Lapak GIS - 2024,1602
108,16.03,16,Muara Enim,Sumatera Selatan,TASWIL1000020230928_DATA_BATAS_KABUPATEN,Lapak GIS - 2024,1603
109,16.04,16,Lahat,Sumatera Selatan,TASWIL1000020230928_DATA_BATAS_KABUPATEN,Lapak GIS - 2024,1604
110,16.05,16,Musi Rawas,Sumatera Selatan,TASWIL1000020230928_DATA_BATAS_KABUPATEN,Lapak GIS - 2024,1605
111,16.06,16,Musi Banyuasin,Sumatera Selatan,TASWIL1000020230928_DATA_BATAS_KABUPATEN,Lapak GIS - 2024,1606
112,16.07,16,Banyuasin,Sumatera Selatan,TASWIL1000020230928_DATA_BATAS_KABUPATEN,Lapak GIS - 2024,1607
113,16.08,16,Ogan Komering Ulu Timur,Sumatera Selatan,TASWIL1000020230928_DATA_BATAS_KABUPATEN,Lapak GIS - 2024,1608
114,16.09,16,Ogan Komering Ulu Selatan,Sumatera Selatan,TASWIL1000020230928_DATA_BATAS_KABUPATEN,Lapak GIS - 2024,1609
115,16.10,16,Ogan Ilir,Sumatera Selatan,TASWIL1000020230928_DATA_BATAS_KABUPATEN,Lapak GIS - 2024,1610
116,16.11,16,Empat Lawang,Sumatera Selatan,TASWIL1000020230928_DATA_BATAS_KABUPATEN,Lapak GIS - 2024,1611
117,16.12,16,Penukal Abab Lematang Ilir,Sumatera Selatan,TASWIL1000020230928_DATA_BATAS_KABUPATEN,Lapak GIS - 2024,1612
118,16.13,16,Musi Rawas Utara,Sumatera Selatan,TASWIL1000020230928_DATA_BATAS_KABUPATEN,Lapak GIS - 2024,1613
119,16.71,16,Kota Palembang,Sumatera Selatan,TASWIL1000020230928_DATA_BATAS_KABUPATEN,Lapak GIS - 2024,1671
120,16.72,16,Kota Pagar Alam,Sumatera Selatan,TASWIL1000020230928_DATA_BATAS_KABUPATEN,Lapak GIS - 2024,1672
121,16.73,16,Kota Lubuk Linggau,Sumatera Selatan,TASWIL1000020230928_DATA_BATAS_KABUPATEN,Lapak GIS - 2024,1673
122,16.74,16,Kota Prabumulih,Sumatera Selatan,TASWIL1000020230928_DATA_BATAS_KABUPATEN,Lapak GIS - 2024,1674
123,17.01,17,Bengkulu Selatan,Bengkulu,TASWIL1000020230928_DATA_BATAS_KABUPATEN,Lapak GIS - 2024,1701
124,17.02,17,Rejang Lebong,Bengkulu,TASWIL1000020230928_DATA_BATAS_KABUPATEN,Lapak GIS - 2024,1702
125,17.03,17,Bengkulu Utara,Bengkulu,TASWIL1000020230928_DATA_BATAS_KABUPATEN,Lapak GIS - 2024,1703
126,17.04,17,Kaur,Bengkulu,TASWIL1000020230928_DATA_BATAS_KABUPATEN,Lapak GIS - 2024,1704
127,17.05,17,Seluma,Bengkulu,TASWIL1000020230928_DATA_BATAS_KABUPATEN,Lapak GIS - 2024,1705
128,17.06,17,Muko Muko,Bengkulu,TASWIL1000020230928_DATA_BATAS_KABUPATEN,Lapak GIS - 2024,1706
129,17.07,17,Lebong,Bengkulu,TASWIL1000020230928_DATA_BATAS_KABUPATEN,Lapak GIS - 2024,1707
130,17.08,17,Kepahiang,Bengkulu,TASWIL1000020230928_DATA_BATAS_KABUPATEN,Lapak GIS - 2024,1708
131,17.09,17,Bengkulu Tengah,Bengkulu,TASWIL1000020230928_DATA_BATAS_KABUPATEN,Lapak GIS - 2024,1709
132,17.71,17,Kota Bengkulu,Bengkulu,TASWIL1000020230928_DATA_BATAS_KABUPATEN,Lapak GIS - 2024,1771
133,18.01,18,Lampung Selatan,Lampung,TASWIL1000020230928_DATA_BATAS_KABUPATEN,Lapak GIS - 2024,1801
134,18.02,18,Lampung Tengah,Lampung,TASWIL1000020230928_DATA_BATAS_KABUPATEN,Lapak GIS - 2024,1802
135,18.03,18,Lampung Utara,Lampung,TASWIL1000020230928_DATA_BATAS_KABUPATEN,Lapak GIS - 2024,1803
136,18.04,18,Lampung Barat,Lampung,TASWIL1000020230928_DATA_BATAS_KABUPATEN,Lapak GIS - 2024,1804
137,18.05,18,Tulang Bawang,Lampung,TASWIL1000020230928_DATA_BATAS_KABUPATEN,Lapak GIS - 2024,1805
138,18.06,18,Tanggamus,Lampung,TASWIL1000020230928_DATA_BATAS_KABUPATEN,Lapak GIS - 2024,1806
139,18.07,18,Lampung Timur,Lampung,TASWIL1000020230928_DATA_BATAS_KABUPATEN,Lapak GIS - 2024,1807
140,18.08,18,Way Kanan,Lampung,TASWIL1000020230928_DATA_BATAS_KABUPATEN,Lapak GIS - 2024,1808
141,18.09,18,Pesawaran,Lampung,TASWIL1000020230928_DATA_BATAS_KABUPATEN,Lapak GIS - 2024,1809
142,18.10,18,Pringsewu,Lampung,TASWIL1000020230928_DATA_BATAS_KABUPATEN,Lapak GIS - 2024,1810
143,18.11,18,Mesuji,Lampung,TASWIL1000020230928_DATA_BATAS_KABUPATEN,Lapak GIS - 2024,1811
144,18.12,18,Tulang Bawang Barat,Lampung,TASWIL1000020230928_DATA_BATAS_KABUPATEN,Lapak GIS - 2024,1812
145,18.13,18,Pesisir Barat,Lampung,TASWIL1000020230928_DATA_BATAS_KABUPATEN,Lapak GIS - 2024,1813
146,18.71,18,Kota Bandar Lampung,Lampung,TASWIL1000020230928_DATA_BATAS_KABUPATEN,Lapak GIS - 2024,1871
147,18.72,18,Kota Metro,Lampung,TASWIL1000020230928_DATA_BATAS_KABUPATEN,Lapak GIS - 2024,1872
148,19.01,19,Bangka,Kepulauan Bangka Belitung,TASWIL1000020230928_DATA_BATAS_KABUPATEN,Lapak GIS - 2024,1901
149,19.02,19,Belitung,Kepulauan Bangka Belitung,TASWIL1000020230928_DATA_BATAS_KABUPATEN,Lapak GIS - 2024,1902
150,19.03,19,Bangka Selatan,Kepulauan Bangka Belitung,TASWIL1000020230928_DATA_BATAS_KABUPATEN,Lapak GIS - 2024,1903
151,19.04,19,Bangka Tengah,Kepulauan Bangka Belitung,TASWIL1000020230928_DATA_BATAS_KABUPATEN,Lapak GIS - 2024,1904
152,19.05,19,Bangka Barat,Kepulauan Bangka Belitung,TASWIL1000020230928_DATA_BATAS_KABUPATEN,Lapak GIS - 2024,1905
153,19.06,19,Belitung Timur,Kepulauan Bangka Belitung,TASWIL1000020230928_DATA_BATAS_KABUPATEN,Lapak GIS - 2024,1906
154,19.71,19,Kota Pangkal Pinang,Kepulauan Bangka Belitung,TASWIL1000020230928_DATA_BATAS_KABUPATEN,Lapak GIS - 2024,1971
155,21.01,21,Bintan,Kepulauan Riau,TASWIL1000020230928_DATA_BATAS_KABUPATEN,Lapak GIS - 2024,2101
156,21.02,21,Karimun,Kepulauan Riau,TASWIL1000020230928_DATA_BATAS_KABUPATEN,Lapak GIS - 2024,2102
157,21.03,21,Natuna,Kepulauan Riau,TASWIL1000020230928_DATA_BATAS_KABUPATEN,Lapak GIS - 2024,2103
158,21.04,21,Lingga,Kepulauan Riau,TASWIL1000020230928_DATA_BATAS_KABUPATEN,Lapak GIS - 2024,2104
159,21.05,21,Kepulauan Anambas,Kepulauan Riau,TASWIL1000020230928_DATA_BATAS_KABUPATEN,Lapak GIS - 2024,2105
160,21.71,21,Kota Batam,Kepulauan Riau,TASWIL1000020230928_DATA_BATAS_KABUPATEN,Lapak GIS - 2024,2171
161,21.72,21,Kota Tanjung Pinang,Kepulauan Riau,TASWIL1000020230928_DATA_BATAS_KABUPATEN,Lapak GIS - 2024,2172
162,31.01,31,Adm. Kep. Seribu,DKI Jakarta,TASWIL1000020230928_DATA_BATAS_KABUPATEN,Lapak GIS - 2024,3101
163,31.71,31,Kota Adm. Jakarta Pusat,DKI Jakarta,TASWIL1000020230928_DATA_BATAS_KABUPATEN,Lapak GIS - 2024,3171
164,31.72,31,Kota Adm. Jakarta Utara,DKI Jakarta,TASWIL1000020230928_DATA_BATAS_KABUPATEN,Lapak GIS - 2024,3172
165,31.73,31,Kota Adm. Jakarta Barat,DKI Jakarta,TASWIL1000020230928_DATA_BATAS_KABUPATEN,Lapak GIS - 2024,3173
166,31.74,31,Kota Adm. Jakarta Selatan,DKI Jakarta,TASWIL1000020230928_DATA_BATAS_KABUPATEN,Lapak GIS - 2024,3174
167,31.75,31,Kota Adm. Jakarta Timur,DKI Jakarta,TASWIL1000020230928_DATA_BATAS_KABUPATEN,Lapak GIS - 2024,3175
168,32.01,32,Bogor,Jawa Barat,TASWIL1000020230928_DATA_BATAS_KABUPATEN,Lapak GIS - 2024,3201
169,32.02,32,Sukabumi,Jawa Barat,TASWIL1000020230928_DATA_BATAS_KABUPATEN,Lapak GIS - 2024,3202
170,32.03,32,Cianjur,Jawa Barat,TASWIL1000020230928_DATA_BATAS_KABUPATEN,Lapak GIS - 2024,3203
171,32.04,32,Bandung,Jawa Barat,TASWIL1000020230928_DATA_BATAS_KABUPATEN,Lapak GIS - 2024,3204
172,32.05,32,Garut,Jawa Barat,TASWIL1000020230928_DATA_BATAS_KABUPATEN,Lapak GIS - 2024,3205
173,32.06,32,Tasikmalaya,Jawa Barat,TASWIL1000020230928_DATA_BATAS_KABUPATEN,Lapak GIS - 2024,3206
174,32.07,32,Ciamis,Jawa Barat,TASWIL1000020230928_DATA_BATAS_KABUPATEN,Lapak GIS - 2024,3207
175,32.08,32,Kuningan,Jawa Barat,TASWIL1000020230928_DATA_BATAS_KABUPATEN,Lapak GIS - 2024,3208
176,32.09,32,Cirebon,Jawa Barat,TASWIL1000020230928_DATA_BATAS_KABUPATEN,Lapak GIS - 2024,3209
177,32.10,32,Majalengka,Jawa Barat,TASWIL1000020230928_DATA_BATAS_KABUPATEN,Lapak GIS - 2024,3210
178,32.11,32,Sumedang,Jawa Barat,TASWIL1000020230928_DATA_BATAS_KABUPATEN,Lapak GIS - 2024,3211
179,32.12,32,Indramayu,Jawa Barat,TASWIL1000020230928_DATA_BATAS_KABUPATEN,Lapak GIS - 2024,3212
180,32.13,32,Subang,Jawa Barat,TASWIL1000020230928_DATA_BATAS_KABUPATEN,Lapak GIS - 2024,3213
181,32.14,32,Purwakarta,Jawa Barat,TASWIL1000020230928_DATA_BATAS_KABUPATEN,Lapak GIS - 2024,3214
182,32.15,32,Karawang,Jawa Barat,TASWIL1000020230928_DATA_BATAS_KABUPATEN,Lapak GIS - 2024,3215
183,32.16,32,Bekasi,Jawa Barat,TASWIL1000020230928_DATA_BATAS_KABUPATEN,Lapak GIS - 2024,3216
184,32.17,32,Bandung Barat,Jawa Barat,TASWIL1000020230928_DATA_BATAS_KABUPATEN,Lapak GIS - 2024,3217
185,32.18,32,Pangandaran,Jawa Barat,TASWIL1000020230928_DATA_BATAS_KABUPATEN,Lapak GIS - 2024,3218
186,32.71,32,Kota Bogor,Jawa Barat,TASWIL1000020230928_DATA_BATAS_KABUPATEN,Lapak GIS - 2024,3271
187,32.72,32,Kota Sukabumi,Jawa Barat,TASWIL1000020230928_DATA_BATAS_KABUPATEN,Lapak GIS - 2024,3272
188,32.73,32,Kota Bandung,Jawa Barat,TASWIL1000020230928_DATA_BATAS_KABUPATEN,Lapak GIS - 2024,3273
189,32.74,32,Kota Cirebon,Jawa Barat,TASWIL1000020230928_DATA_BATAS_KABUPATEN,Lapak GIS - 2024,3274
190,32.75,32,Kota Bekasi,Jawa Barat,TASWIL1000020230928_DATA_BATAS_KABUPATEN,Lapak GIS - 2024,3275
191,32.76,32,Kota Depok,Jawa Barat,TASWIL1000020230928_DATA_BATAS_KABUPATEN,Lapak GIS - 2024,3276
192,32.77,32,Kota Cimahi,Jawa Barat,TASWIL1000020230928_DATA_BATAS_KABUPATEN,Lapak GIS - 2024,3277
193,32.78,32,Kota Tasikmalaya,Jawa Barat,TASWIL1000020230928_DATA_BATAS_KABUPATEN,Lapak GIS - 2024,3278
194,32.79,32,Kota Banjar,Jawa Barat,TASWIL1000020230928_DATA_BATAS_KABUPATEN,Lapak GIS - 2024,3279
195,33.01,33,Cilacap,Jawa Tengah,TASWIL1000020230928_DATA_BATAS_KABUPATEN,Lapak GIS - 2024,3301
196,33.02,33,Banyumas,Jawa Tengah,TASWIL1000020230928_DATA_BATAS_KABUPATEN,Lapak GIS - 2024,3302
197,33.03,33,Purbalingga,Jawa Tengah,TASWIL1000020230928_DATA_BATAS_KABUPATEN,Lapak GIS - 2024,3303
198,33.04,33,Banjarnegara,Jawa Tengah,TASWIL1000020230928_DATA_BATAS_KABUPATEN,Lapak GIS - 2024,3304
199,33.05,33,Kebumen,Jawa Tengah,TASWIL1000020230928_DATA_BATAS_KABUPATEN,Lapak GIS - 2024,3305
200,33.06,33,Purworejo,Jawa Tengah,TASWIL1000020230928_DATA_BATAS_KABUPATEN,Lapak GIS - 2024,3306
201,33.07,33,Wonosobo,Jawa Tengah,TASWIL1000020230928_DATA_BATAS_KABUPATEN,Lapak GIS - 2024,3307
202,33.08,33,Magelang,Jawa Tengah,TASWIL1000020230928_DATA_BATAS_KABUPATEN,Lapak GIS - 2024,3308
203,33.09,33,Boyolali,Jawa Tengah,TASWIL1000020230928_DATA_BATAS_KABUPATEN,Lapak GIS - 2024,3309
204,33.10,33,Klaten,Jawa Tengah,TASWIL1000020230928_DATA_BATAS_KABUPATEN,Lapak GIS - 2024,3310
205,33.11,33,Sukoharjo,Jawa Tengah,TASWIL1000020230928_DATA_BATAS_KABUPATEN,Lapak GIS - 2024,3311
206,33.12,33,Wonogiri,Jawa Tengah,TASWIL1000020230928_DATA_BATAS_KABUPATEN,Lapak GIS - 2024,3312
207,33.13,33,Karanganyar,Jawa Tengah,TASWIL1000020230928_DATA_BATAS_KABUPATEN,Lapak GIS - 2024,3313
208,33.14,33,Sragen,Jawa Tengah,TASWIL1000020230928_DATA_BATAS_KABUPATEN,Lapak GIS - 2024,3314
209,33.15,33,Grobogan,Jawa Tengah,TASWIL1000020230928_DATA_BATAS_KABUPATEN,Lapak GIS - 2024,3315
210,33.16,33,Blora,Jawa Tengah,TASWIL1000020230928_DATA_BATAS_KABUPATEN,Lapak GIS - 2024,3316
211,33.17,33,Rembang,Jawa Tengah,TASWIL1000020230928_DATA_BATAS_KABUPATEN,Lapak GIS - 2024,3317
212,33.18,33,Pati,Jawa Tengah,TASWIL1000020230928_DATA_BATAS_KABUPATEN,Lapak GIS - 2024,3318
213,33.19,33,Kudus,Jawa Tengah,TASWIL1000020230928_DATA_BATAS_KABUPATEN,Lapak GIS - 2024,3319
214,33.20,33,Jepara,Jawa Tengah,TASWIL1000020230928_DATA_BATAS_KABUPATEN,Lapak GIS - 2024,3320
215,33.21,33,Demak,Jawa Tengah,TASWIL1000020230928_DATA_BATAS_KABUPATEN,Lapak GIS - 2024,3321
216,33.22,33,Semarang,Jawa Tengah,TASWIL1000020230928_DATA_BATAS_KABUPATEN,Lapak GIS - 2024,3322
217,33.23,33,Temanggung,Jawa Tengah,TASWIL1000020230928_DATA_BATAS_KABUPATEN,Lapak GIS - 2024,3323
218,33.24,33,Kendal,Jawa Tengah,TASWIL1000020230928_DATA_BATAS_KABUPATEN,Lapak GIS - 2024,3324
219,33.25,33,Batang,Jawa Tengah,TASWIL1000020230928_DATA_BATAS_KABUPATEN,Lapak GIS - 2024,3325
220,33.26,33,Pekalongan,Jawa Tengah,TASWIL1000020230928_DATA_BATAS_KABUPATEN,Lapak GIS - 2024,3326
221,33.27,33,Pemalang,Jawa Tengah,TASWIL1000020230928_DATA_BATAS_KABUPATEN,Lapak GIS - 2024,3327
222,33.28,33,Tegal,Jawa Tengah,TASWIL1000020230928_DATA_BATAS_KABUPATEN,Lapak GIS - 2024,3328
223,33.29,33,Brebes,Jawa Tengah,TASWIL1000020230928_DATA_BATAS_KABUPATEN,Lapak GIS - 2024,3329
224,33.71,33,Kota Magelang,Jawa Tengah,TASWIL1000020230928_DATA_BATAS_KABUPATEN,Lapak GIS - 2024,3371
225,33.72,33,Kota Surakarta,Jawa Tengah,TASWIL1000020230928_DATA_BATAS_KABUPATEN,Lapak GIS - 2024,3372
226,33.73,33,Kota Salatiga,Jawa Tengah,TASWIL1000020230928_DATA_BATAS_KABUPATEN,Lapak GIS - 2024,3373
227,33.74,33,Kota Semarang,Jawa Tengah,TASWIL1000020230928_DATA_BATAS_KABUPATEN,Lapak GIS - 2024,3374
228,33.75,33,Kota Pekalongan,Jawa Tengah,TASWIL1000020230928_DATA_BATAS_KABUPATEN,Lapak GIS - 2024,3375
229,33.76,33,Kota Tegal,Jawa Tengah,TASWIL1000020230928_DATA_BATAS_KABUPATEN,Lapak GIS - 2024,3376
230,34.01,34,Kulon Progo,Daerah Istimewa Yogyakarta,TASWIL1000020230928_DATA_BATAS_KABUPATEN,Lapak GIS - 2024,3401
231,34.02,34,Bantul,Daerah Istimewa Yogyakarta,TASWIL1000020230928_DATA_BATAS_KABUPATEN,Lapak GIS - 2024,3402
232,34.03,34,Gunungkidul,Daerah Istimewa Yogyakarta,TASWIL1000020230928_DATA_BATAS_KABUPATEN,Lapak GIS - 2024,3403
233,34.04,34,Sleman,Daerah Istimewa Yogyakarta,TASWIL1000020230928_DATA_BATAS_KABUPATEN,Lapak GIS - 2024,3404
234,34.71,34,Kota Yogyakarta,Daerah Istimewa Yogyakarta,TASWIL1000020230928_DATA_BATAS_KABUPATEN,Lapak GIS - 2024,3471
235,35.--,35, ,Jawa Timur,TASWIL1000020230928_DATA_BATAS_KABUPATEN,Lapak GIS - 2024,0
236,35.01,35,Pacitan,Jawa Timur,TASWIL1000020230928_DATA_BATAS_KABUPATEN,Lapak GIS - 2024,3501
237,35.02,35,Ponorogo,Jawa Timur,TASWIL1000020230928_DATA_BATAS_KABUPATEN,Lapak GIS - 2024,3502
238,35.03,35,Trenggalek,Jawa Timur,TASWIL1000020230928_DATA_BATAS_KABUPATEN,Lapak GIS - 2024,3503
239,35.04,35,Tulungagung,Jawa Timur,TASWIL1000020230928_DATA_BATAS_KABUPATEN,Lapak GIS - 2024,3504
240,35.05,35,Blitar,Jawa Timur,TASWIL1000020230928_DATA_BATAS_KABUPATEN,Lapak GIS - 2024,3505
241,35.06,35,Kediri,Jawa Timur,TASWIL1000020230928_DATA_BATAS_KABUPATEN,Lapak GIS - 2024,3506
242,35.07,35,Malang,Jawa Timur,TASWIL1000020230928_DATA_BATAS_KABUPATEN,Lapak GIS - 2024,3507
243,35.08,35,Lumajang,Jawa Timur,TASWIL1000020230928_DATA_BATAS_KABUPATEN,Lapak GIS - 2024,3508
244,35.09,35,Jember,Jawa Timur,TASWIL1000020230928_DATA_BATAS_KABUPATEN,Lapak GIS - 2024,3509
245,35.10,35,Banyuwangi,Jawa Timur,TASWIL1000020230928_DATA_BATAS_KABUPATEN,Lapak GIS - 2024,3510
246,35.11,35,Bondowoso,Jawa Timur,TASWIL1000020230928_DATA_BATAS_KABUPATEN,Lapak GIS - 2024,3511
247,35.12,35,Situbondo,Jawa Timur,TASWIL1000020230928_DATA_BATAS_KABUPATEN,Lapak GIS - 2024,3512
248,35.13,35,Probolinggo,Jawa Timur,TASWIL1000020230928_DATA_BATAS_KABUPATEN,Lapak GIS - 2024,3513
249,35.14,35,Pasuruan,Jawa Timur,TASWIL1000020230928_DATA_BATAS_KABUPATEN,Lapak GIS - 2024,3514
250,35.15,35,Sidoarjo,Jawa Timur,TASWIL1000020230928_DATA_BATAS_KABUPATEN,Lapak GIS - 2024,3515
251,35.16,35,Mojokerto,Jawa Timur,TASWIL1000020230928_DATA_BATAS_KABUPATEN,Lapak GIS - 2024,3516
252,35.17,35,Jombang,Jawa Timur,TASWIL1000020230928_DATA_BATAS_KABUPATEN,Lapak GIS - 2024,3517
253,35.18,35,Nganjuk,Jawa Timur,TASWIL1000020230928_DATA_BATAS_KABUPATEN,Lapak GIS - 2024,3518
254,35.19,35,Madiun,Jawa Timur,TASWIL1000020230928_DATA_BATAS_KABUPATEN,Lapak GIS - 2024,3519
255,35.20,35,Magetan,Jawa Timur,TASWIL1000020230928_DATA_BATAS_KABUPATEN,Lapak GIS - 2024,3520
256,35.21,35,Ngawi,Jawa Timur,TASWIL1000020230928_DATA_BATAS_KABUPATEN,Lapak GIS - 2024,3521
257,35.22,35,Bojonegoro,Jawa Timur,TASWIL1000020230928_DATA_BATAS_KABUPATEN,Lapak GIS - 2024,3522
258,35.23,35,Tuban,Jawa Timur,TASWIL1000020230928_DATA_BATAS_KABUPATEN,Lapak GIS - 2024,3523
259,35.24,35,Lamongan,Jawa Timur,TASWIL1000020230928_DATA_BATAS_KABUPATEN,Lapak GIS - 2024,3524
260,35.25,35,Gresik,Jawa Timur,TASWIL1000020230928_DATA_BATAS_KABUPATEN,Lapak GIS - 2024,3525
261,35.26,35,Bangkalan,Jawa Timur,TASWIL1000020230928_DATA_BATAS_KABUPATEN,Lapak GIS - 2024,3526
262,35.27,35,Sampang,Jawa Timur,TASWIL1000020230928_DATA_BATAS_KABUPATEN,Lapak GIS - 2024,3527
263,35.28,35,Pamekasan,Jawa Timur,TASWIL1000020230928_DATA_BATAS_KABUPATEN,Lapak GIS - 2024,3528
264,35.29,35,Sumenep,Jawa Timur,TASWIL1000020230928_DATA_BATAS_KABUPATEN,Lapak GIS - 2024,3529
265,35.71,35,Kota Kediri,Jawa Timur,TASWIL1000020230928_DATA_BATAS_KABUPATEN,Lapak GIS - 2024,3571
266,35.72,35,Kota Blitar,Jawa Timur,TASWIL1000020230928_DATA_BATAS_KABUPATEN,Lapak GIS - 2024,3572
267,35.73,35,Kota Malang,Jawa Timur,TASWIL1000020230928_DATA_BATAS_KABUPATEN,Lapak GIS - 2024,3573
268,35.74,35,Kota Probolinggo,Jawa Timur,TASWIL1000020230928_DATA_BATAS_KABUPATEN,Lapak GIS - 2024,3574
269,35.75,35,Kota Pasuruan,Jawa Timur,TASWIL1000020230928_DATA_BATAS_KABUPATEN,Lapak GIS - 2024,3575
270,35.76,35,Kota Mojokerto,Jawa Timur,TASWIL1000020230928_DATA_BATAS_KABUPATEN,Lapak GIS - 2024,3576
271,35.77,35,Kota Madiun,Jawa Timur,TASWIL1000020230928_DATA_BATAS_KABUPATEN,Lapak GIS - 2024,3577
272,35.78,35,Kota Surabaya,Jawa Timur,TASWIL1000020230928_DATA_BATAS_KABUPATEN,Lapak GIS - 2024,3578
273,35.79,35,Kota Batu,Jawa Timur,TASWIL1000020230928_DATA_BATAS_KABUPATEN,Lapak GIS - 2024,3579
274,36.01,36,Pandeglang,Banten,TASWIL1000020230928_DATA_BATAS_KABUPATEN,Lapak GIS - 2024,3601
275,36.02,36,Lebak,Banten,TASWIL1000020230928_DATA_BATAS_KABUPATEN,Lapak GIS - 2024,3602
276,36.03,36,Tangerang,Banten,TASWIL1000020230928_DATA_BATAS_KABUPATEN,Lapak GIS - 2024,3603
277,36.04,36,Serang,Banten,TASWIL1000020230928_DATA_BATAS_KABUPATEN,Lapak GIS - 2024,3604
278,36.71,36,Kota Tangerang,Banten,TASWIL1000020230928_DATA_BATAS_KABUPATEN,Lapak GIS - 2024,3671
279,36.72,36,Kota Cilegon,Banten,TASWIL1000020230928_DATA_BATAS_KABUPATEN,Lapak GIS - 2024,3672
280,36.73,36,Kota Serang,Banten,TASWIL1000020230928_DATA_BATAS_KABUPATEN,Lapak GIS - 2024,3673
281,36.74,36,Kota Tangerang Selatan,Banten,TASWIL1000020230928_DATA_BATAS_KABUPATEN,Lapak GIS - 2024,3674
282,51.01,51,Jembrana,Bali,TASWIL1000020230928_DATA_BATAS_KABUPATEN,Lapak GIS - 2024,5101
283,51.02,51,Tabanan,Bali,TASWIL1000020230928_DATA_BATAS_KABUPATEN,Lapak GIS - 2024,5102
284,51.03,51,Badung,Bali,TASWIL1000020230928_DATA_BATAS_KABUPATEN,Lapak GIS - 2024,5103
285,51.04,51,Gianyar,Bali,TASWIL1000020230928_DATA_BATAS_KABUPATEN,Lapak GIS - 2024,5104
286,51.05,51,Klungkung,Bali,TASWIL1000020230928_DATA_BATAS_KABUPATEN,Lapak GIS - 2024,5105
287,51.06,51,Bangli,Bali,TASWIL1000020230928_DATA_BATAS_KABUPATEN,Lapak GIS - 2024,5106
288,51.07,51,Karangasem,Bali,TASWIL1000020230928_DATA_BATAS_KABUPATEN,Lapak GIS - 2024,5107
289,51.08,51,Buleleng,Bali,TASWIL1000020230928_DATA_BATAS_KABUPATEN,Lapak GIS - 2024,5108
290,51.71,51,Kota Denpasar,Bali,TASWIL1000020230928_DATA_BATAS_KABUPATEN,Lapak GIS - 2024,5171
291,52.01,52,Lombok Barat,Nusa Tenggara Barat,TASWIL1000020230928_DATA_BATAS_KABUPATEN,Lapak GIS - 2024,5201
292,52.02,52,Lombok Tengah,Nusa Tenggara Barat,TASWIL1000020230928_DATA_BATAS_KABUPATEN,Lapak GIS - 2024,5202
293,52.03,52,Lombok Timur,Nusa Tenggara Barat,TASWIL1000020230928_DATA_BATAS_KABUPATEN,Lapak GIS - 2024,5203
294,52.04,52,Sumbawa,Nusa Tenggara Barat,TASWIL1000020230928_DATA_BATAS_KABUPATEN,Lapak GIS - 2024,5204
295,52.0452.07,52,Sumbawa/Sumbawa Barat,Nusa Tenggara Barat,TASWIL1000020230928_DATA_BATAS_KABUPATEN,Lapak GIS - 2024,52045207
296,52.05,52,Dompu,Nusa Tenggara Barat,TASWIL1000020230928_DATA_BATAS_KABUPATEN,Lapak GIS - 2024,5205
297,52.06,52,Bima,Nusa Tenggara Barat,TASWIL1000020230928_DATA_BATAS_KABUPATEN,Lapak GIS - 2024,5206
298,52.07,52,Sumbawa Barat,Nusa Tenggara Barat,TASWIL1000020230928_DATA_BATAS_KABUPATEN,Lapak GIS - 2024,5207
299,52.08,52,Lombok Utara,Nusa Tenggara Barat,TASWIL1000020230928_DATA_BATAS_KABUPATEN,Lapak GIS - 2024,5208
300,52.71,52,Kota Mataram,Nusa Tenggara Barat,TASWIL1000020230928_DATA_BATAS_KABUPATEN,Lapak GIS - 2024,5271
301,52.72,52,Kota Bima,Nusa Tenggara Barat,TASWIL1000020230928_DATA_BATAS_KABUPATEN,Lapak GIS - 2024,5272
302,53.01,53,Kupang,Nusa Tenggara Timur,TASWIL1000020230928_DATA_BATAS_KABUPATEN,Lapak GIS - 2024,5301
303,53.02,53,Timor Tengah Selatan,Nusa Tenggara Timur,TASWIL1000020230928_DATA_BATAS_KABUPATEN,Lapak GIS - 2024,5302
304,53.03,53,Timor Tengah Utara,Nusa Tenggara Timur,TASWIL1000020230928_DATA_BATAS_KABUPATEN,Lapak GIS - 2024,5303
305,53.04,53,Belu,Nusa Tenggara Timur,TASWIL1000020230928_DATA_BATAS_KABUPATEN,Lapak GIS - 2024,5304
306,53.05,53,Alor,Nusa Tenggara Timur,TASWIL1000020230928_DATA_BATAS_KABUPATEN,Lapak GIS - 2024,5305
307,53.06,53,Flores Timur,Nusa Tenggara Timur,TASWIL1000020230928_DATA_BATAS_KABUPATEN,Lapak GIS - 2024,5306
308,53.07,53,Sikka,Nusa Tenggara Timur,TASWIL1000020230928_DATA_BATAS_KABUPATEN,Lapak GIS - 2024,5307
309,53.08,53,Ende,Nusa Tenggara Timur,TASWIL1000020230928_DATA_BATAS_KABUPATEN,Lapak GIS - 2024,5308
310,53.09,53,Ngada,Nusa Tenggara Timur,TASWIL1000020230928_DATA_BATAS_KABUPATEN,Lapak GIS - 2024,5309
311,53.10,53,Manggarai,Nusa Tenggara Timur,TASWIL1000020230928_DATA_BATAS_KABUPATEN,Lapak GIS - 2024,5310
312,53.11,53,Sumba Timur,Nusa Tenggara Timur,TASWIL1000020230928_DATA_BATAS_KABUPATEN,Lapak GIS - 2024,5311
313,53.12,53,Sumba Barat,Nusa Tenggara Timur,TASWIL1000020230928_DATA_BATAS_KABUPATEN,Lapak GIS - 2024,5312
314,53.13,53,Lembata,Nusa Tenggara Timur,TASWIL1000020230928_DATA_BATAS_KABUPATEN,Lapak GIS - 2024,5313
315,53.14,53,Rote Ndao,Nusa Tenggara Timur,TASWIL1000020230928_DATA_BATAS_KABUPATEN,Lapak GIS - 2024,5314
316,53.15,53,Manggarai Barat,Nusa Tenggara Timur,TASWIL1000020230928_DATA_BATAS_KABUPATEN,Lapak GIS - 2024,5315
317,53.16,53,Nagekeo,Nusa Tenggara Timur,TASWIL1000020230928_DATA_BATAS_KABUPATEN,Lapak GIS - 2024,5316
318,53.17,53,Sumba Tengah,Nusa Tenggara Timur,TASWIL1000020230928_DATA_BATAS_KABUPATEN,Lapak GIS - 2024,5317
319,53.18,53,Sumba Barat Daya,Nusa Tenggara Timur,TASWIL1000020230928_DATA_BATAS_KABUPATEN,Lapak GIS - 2024,5318
320,53.19,53,Manggarai Timur,Nusa Tenggara Timur,TASWIL1000020230928_DATA_BATAS_KABUPATEN,Lapak GIS - 2024,5319
321,53.20,53,Sabu Raijua,Nusa Tenggara Timur,TASWIL1000020230928_DATA_BATAS_KABUPATEN,Lapak GIS - 2024,5320
322,53.21,53,Malaka,Nusa Tenggara Timur,TASWIL1000020230928_DATA_BATAS_KABUPATEN,Lapak GIS - 2024,5321
323,53.71,53,Kota Kupang,Nusa Tenggara Timur,TASWIL1000020230928_DATA_BATAS_KABUPATEN,Lapak GIS - 2024,5371
324,61.01,61,Sambas,Kalimantan Barat,TASWIL1000020230928_DATA_BATAS_KABUPATEN,Lapak GIS - 2024,6101
325,61.02,61,Mempawah,Kalimantan Barat,TASWIL1000020230928_DATA_BATAS_KABUPATEN,Lapak GIS - 2024,6102
326,61.03,61,Sanggau,Kalimantan Barat,TASWIL1000020230928_DATA_BATAS_KABUPATEN,Lapak GIS - 2024,6103
327,61.04,61,Ketapang,Kalimantan Barat,TASWIL1000020230928_DATA_BATAS_KABUPATEN,Lapak GIS - 2024,6104
328,61.05,61,Sintang,Kalimantan Barat,TASWIL1000020230928_DATA_BATAS_KABUPATEN,Lapak GIS - 2024,6105
329,61.06,61,Kapuas Hulu,Kalimantan Barat,TASWIL1000020230928_DATA_BATAS_KABUPATEN,Lapak GIS - 2024,6106
330,61.07,61,Bengkayang,Kalimantan Barat,TASWIL1000020230928_DATA_BATAS_KABUPATEN,Lapak GIS - 2024,6107
331,61.08,61,Landak,Kalimantan Barat,TASWIL1000020230928_DATA_BATAS_KABUPATEN,Lapak GIS - 2024,6108
332,61.09,61,Sekadau,Kalimantan Barat,TASWIL1000020230928_DATA_BATAS_KABUPATEN,Lapak GIS - 2024,6109
333,61.10,61,Melawi,Kalimantan Barat,TASWIL1000020230928_DATA_BATAS_KABUPATEN,Lapak GIS - 2024,6110
334,61.11,61,Kayong Utara,Kalimantan Barat,TASWIL1000020230928_DATA_BATAS_KABUPATEN,Lapak GIS - 2024,6111
335,61.12,61,Kubu Raya,Kalimantan Barat,TASWIL1000020230928_DATA_BATAS_KABUPATEN,Lapak GIS - 2024,6112
336,61.71,61,Kota Pontianak,Kalimantan Barat,TASWIL1000020230928_DATA_BATAS_KABUPATEN,Lapak GIS - 2024,6171
337,61.72,61,Kota Singkawang,Kalimantan Barat,TASWIL1000020230928_DATA_BATAS_KABUPATEN,Lapak GIS - 2024,6172
338,62.01,62,Kotawaringin Barat,Kalimantan Tengah,TASWIL1000020230928_DATA_BATAS_KABUPATEN,Lapak GIS - 2024,6201
339,62.02,62,Kotawaringin Timur,Kalimantan Tengah,TASWIL1000020230928_DATA_BATAS_KABUPATEN,Lapak GIS - 2024,6202
340,62.03,62,Kapuas,Kalimantan Tengah,TASWIL1000020230928_DATA_BATAS_KABUPATEN,Lapak GIS - 2024,6203
341,62.04,62,Barito Selatan,Kalimantan Tengah,TASWIL1000020230928_DATA_BATAS_KABUPATEN,Lapak GIS - 2024,6204
342,62.05,62,Barito Utara,Kalimantan Tengah,TASWIL1000020230928_DATA_BATAS_KABUPATEN,Lapak GIS - 2024,6205
343,62.06,62,Katingan,Kalimantan Tengah,TASWIL1000020230928_DATA_BATAS_KABUPATEN,Lapak GIS - 2024,6206
344,62.07,62,Seruyan,Kalimantan Tengah,TASWIL1000020230928_DATA_BATAS_KABUPATEN,Lapak GIS - 2024,6207
345,62.08,62,Sukamara,Kalimantan Tengah,TASWIL1000020230928_DATA_BATAS_KABUPATEN,Lapak GIS - 2024,6208
346,62.09,62,Lamandau,Kalimantan Tengah,TASWIL1000020230928_DATA_BATAS_KABUPATEN,Lapak GIS - 2024,6209
347,62.10,62,Gunung Mas,Kalimantan Tengah,TASWIL1000020230928_DATA_BATAS_KABUPATEN,Lapak GIS - 2024,6210
348,62.11,62,Pulang Pisau,Kalimantan Tengah,TASWIL1000020230928_DATA_BATAS_KABUPATEN,Lapak GIS - 2024,6211
349,62.12,62,Murung Raya,Kalimantan Tengah,TASWIL1000020230928_DATA_BATAS_KABUPATEN,Lapak GIS - 2024,6212
350,62.13,62,Barito Timur,Kalimantan Tengah,TASWIL1000020230928_DATA_BATAS_KABUPATEN,Lapak GIS - 2024,6213
351,62.71,62,Kota Palangkaraya,Kalimantan Tengah,TASWIL1000020230928_DATA_BATAS_KABUPATEN,Lapak GIS - 2024,6271
352,63.01,63,Tanah Laut,Kalimantan Selatan,TASWIL1000020230928_DATA_BATAS_KABUPATEN,Lapak GIS - 2024,6301
353,63.02,63,Kotabaru,Kalimantan Selatan,TASWIL1000020230928_DATA_BATAS_KABUPATEN,Lapak GIS - 2024,6302
354,63.03,63,Banjar,Kalimantan Selatan,TASWIL1000020230928_DATA_BATAS_KABUPATEN,Lapak GIS - 2024,6303
355,63.04,63,Barito Kuala,Kalimantan Selatan,TASWIL1000020230928_DATA_BATAS_KABUPATEN,Lapak GIS - 2024,6304
356,63.05,63,Tapin,Kalimantan Selatan,TASWIL1000020230928_DATA_BATAS_KABUPATEN,Lapak GIS - 2024,6305
357,63.06,63,Hulu Sungai Selatan,Kalimantan Selatan,TASWIL1000020230928_DATA_BATAS_KABUPATEN,Lapak GIS - 2024,6306
358,63.07,63,Hulu Sungai Tengah,Kalimantan Selatan,TASWIL1000020230928_DATA_BATAS_KABUPATEN,Lapak GIS - 2024,6307
359,63.08,63,Hulu Sungai Utara,Kalimantan Selatan,TASWIL1000020230928_DATA_BATAS_KABUPATEN,Lapak GIS - 2024,6308
360,63.09,63,Tabalong,Kalimantan Selatan,TASWIL1000020230928_DATA_BATAS_KABUPATEN,Lapak GIS - 2024,6309
361,63.10,63,Tanah Bumbu,Kalimantan Selatan,TASWIL1000020230928_DATA_BATAS_KABUPATEN,Lapak GIS - 2024,6310
362,63.11,63,Balangan,Kalimantan Selatan,TASWIL1000020230928_DATA_BATAS_KABUPATEN,Lapak GIS - 2024,6311
363,63.71,63,Kota Banjarmasin,Kalimantan Selatan,TASWIL1000020230928_DATA_BATAS_KABUPATEN,Lapak GIS - 2024,6371
364,63.72,63,Kota Banjarbaru,Kalimantan Selatan,TASWIL1000020230928_DATA_BATAS_KABUPATEN,Lapak GIS - 2024,6372
365,64.--,64, ,Kalimantan Timur,TASWIL1000020230928_DATA_BATAS_KABUPATEN,Lapak GIS - 2024,0
366,64.01,64,Paser,Kalimantan Timur,TASWIL1000020230928_DATA_BATAS_KABUPATEN,Lapak GIS - 2024,6401
367,64.02,64,Kutai Kartanegara,Kalimantan Timur,TASWIL1000020230928_DATA_BATAS_KABUPATEN,Lapak GIS - 2024,6402
368,64.03,64,Berau,Kalimantan Timur,TASWIL1000020230928_DATA_BATAS_KABUPATEN,Lapak GIS - 2024,6403
369,64.07,64,Kutai Barat,Kalimantan Timur,TASWIL1000020230928_DATA_BATAS_KABUPATEN,Lapak GIS - 2024,6407
370,64.08,64,Kutai Timur,Kalimantan Timur,TASWIL1000020230928_DATA_BATAS_KABUPATEN,Lapak GIS - 2024,6408
371,64.09,64,Penajam Paser Utara,Kalimantan Timur,TASWIL1000020230928_DATA_BATAS_KABUPATEN,Lapak GIS - 2024,6409
372,64.11,64,Mahakam Ulu,Kalimantan Timur,TASWIL1000020230928_DATA_BATAS_KABUPATEN,Lapak GIS - 2024,6411
373,64.71,64,Kota Balikpapan,Kalimantan Timur,TASWIL1000020230928_DATA_BATAS_KABUPATEN,Lapak GIS - 2024,6471
374,64.72,64,Kota Samarinda,Kalimantan Timur,TASWIL1000020230928_DATA_BATAS_KABUPATEN,Lapak GIS - 2024,6472
375,64.74,64,Kota Bontang,Kalimantan Timur,TASWIL1000020230928_DATA_BATAS_KABUPATEN,Lapak GIS - 2024,6474
376,65.01,65,Bulungan,Kalimantan Utara,TASWIL1000020230928_DATA_BATAS_KABUPATEN,Lapak GIS - 2024,6501
377,65.02,65,Malinau,Kalimantan Utara,TASWIL1000020230928_DATA_BATAS_KABUPATEN,Lapak GIS - 2024,6502
378,65.03,65,Nunukan,Kalimantan Utara,TASWIL1000020230928_DATA_BATAS_KABUPATEN,Lapak GIS - 2024,6503
379,65.04,65,Tana Tidung,Kalimantan Utara,TASWIL1000020230928_DATA_BATAS_KABUPATEN,Lapak GIS - 2024,6504
380,65.71,65,Kota Tarakan,Kalimantan Utara,TASWIL1000020230928_DATA_BATAS_KABUPATEN,Lapak GIS - 2024,6571
381,71.01,71,Bolaang Mongondow,Sulawesi Utara,TASWIL1000020230928_DATA_BATAS_KABUPATEN,Lapak GIS - 2024,7101
382,71.02,71,Minahasa,Sulawesi Utara,TASWIL1000020230928_DATA_BATAS_KABUPATEN,Lapak GIS - 2024,7102
383,71.03,71,Kepulauan Sangihe,Sulawesi Utara,TASWIL1000020230928_DATA_BATAS_KABUPATEN,Lapak GIS - 2024,7103
384,71.04,71,Kepulauan Talaud,Sulawesi Utara,TASWIL1000020230928_DATA_BATAS_KABUPATEN,Lapak GIS - 2024,7104
385,71.05,71,Minahasa Selatan,Sulawesi Utara,TASWIL1000020230928_DATA_BATAS_KABUPATEN,Lapak GIS - 2024,7105
386,71.05/71.10,71,Minahasa Selatan/Bolaang Mongondwo Timur,Sulawesi Utara,TASWIL1000020230928_DATA_BATAS_KABUPATEN,Lapak GIS - 2024,0
387,71.06,71,Minahasa Utara,Sulawesi Utara,TASWIL1000020230928_DATA_BATAS_KABUPATEN,Lapak GIS - 2024,7106
388,71.07,71,Minahasa Tenggara,Sulawesi Utara,TASWIL1000020230928_DATA_BATAS_KABUPATEN,Lapak GIS - 2024,7107
389,71.08,71,Bolaang Mongondow Utara,Sulawesi Utara,TASWIL1000020230928_DATA_BATAS_KABUPATEN,Lapak GIS - 2024,7108
390,71.09,71,Kep. Siau Tagulandang Biaro,Sulawesi Utara,TASWIL1000020230928_DATA_BATAS_KABUPATEN,Lapak GIS - 2024,7109
391,71.10,71,Bolaang Mongondow Timur,Sulawesi Utara,TASWIL1000020230928_DATA_BATAS_KABUPATEN,Lapak GIS - 2024,7110
392,71.11,71,Bolaang Mongondow Selatan,Sulawesi Utara,TASWIL1000020230928_DATA_BATAS_KABUPATEN,Lapak GIS - 2024,7111
393,71.71,71,Kota Manado,Sulawesi Utara,TASWIL1000020230928_DATA_BATAS_KABUPATEN,Lapak GIS - 2024,7171
394,71.72,71,Kota Bitung,Sulawesi Utara,TASWIL1000020230928_DATA_BATAS_KABUPATEN,Lapak GIS - 2024,7172
395,71.73,71,Kota Tomohon,Sulawesi Utara,TASWIL1000020230928_DATA_BATAS_KABUPATEN,Lapak GIS - 2024,7173
396,71.74,71,Kota Kotamobagu,Sulawesi Utara,TASWIL1000020230928_DATA_BATAS_KABUPATEN,Lapak GIS - 2024,7174
397,72.01,72,Banggai,Sulawesi Tengah,TASWIL1000020230928_DATA_BATAS_KABUPATEN,Lapak GIS - 2024,7201
398,72.02,72,Poso,Sulawesi Tengah,TASWIL1000020230928_DATA_BATAS_KABUPATEN,Lapak GIS - 2024,7202
399,72.03,72,Donggala,Sulawesi Tengah,TASWIL1000020230928_DATA_BATAS_KABUPATEN,Lapak GIS - 2024,7203
400,72.04,72,Toli Toli,Sulawesi Tengah,TASWIL1000020230928_DATA_BATAS_KABUPATEN,Lapak GIS - 2024,7204
401,72.05,72,Buol,Sulawesi Tengah,TASWIL1000020230928_DATA_BATAS_KABUPATEN,Lapak GIS - 2024,7205
402,72.06,72,Morowali,Sulawesi Tengah,TASWIL1000020230928_DATA_BATAS_KABUPATEN,Lapak GIS - 2024,7206
403,72.07,72,Banggai Kepulauan,Sulawesi Tengah,TASWIL1000020230928_DATA_BATAS_KABUPATEN,Lapak GIS - 2024,7207
404,72.08,72,Parigi Moutong,Sulawesi Tengah,TASWIL1000020230928_DATA_BATAS_KABUPATEN,Lapak GIS - 2024,7208
405,72.09,72,Tojo Una Una,Sulawesi Tengah,TASWIL1000020230928_DATA_BATAS_KABUPATEN,Lapak GIS - 2024,7209
406,72.10,72,Sigi,Sulawesi Tengah,TASWIL1000020230928_DATA_BATAS_KABUPATEN,Lapak GIS - 2024,7210
407,72.11,72,Banggai Laut,Sulawesi Tengah,TASWIL1000020230928_DATA_BATAS_KABUPATEN,Lapak GIS - 2024,7211
408,72.12,72,Morowali Utara,Sulawesi Tengah,TASWIL1000020230928_DATA_BATAS_KABUPATEN,Lapak GIS - 2024,7212
409,72.71,72,Kota Palu,Sulawesi Tengah,TASWIL1000020230928_DATA_BATAS_KABUPATEN,Lapak GIS - 2024,7271
410,73.--,73, ,Sulawesi Selatan,TASWIL1000020230928_DATA_BATAS_KABUPATEN,Lapak GIS - 2024,0
411,73.01,73,Kepulauan Selayar,Sulawesi Selatan,TASWIL1000020230928_DATA_BATAS_KABUPATEN,Lapak GIS - 2024,7301
412,73.02,73,Bulukumba,Sulawesi Selatan,TASWIL1000020230928_DATA_BATAS_KABUPATEN,Lapak GIS - 2024,7302
413,73.03,73,Bantaeng,Sulawesi Selatan,TASWIL1000020230928_DATA_BATAS_KABUPATEN,Lapak GIS - 2024,7303
414,73.04,73,Jeneponto,Sulawesi Selatan,TASWIL1000020230928_DATA_BATAS_KABUPATEN,Lapak GIS - 2024,7304
415,73.05,73,Takalar,Sulawesi Selatan,TASWIL1000020230928_DATA_BATAS_KABUPATEN,Lapak GIS - 2024,7305
416,73.06,73,Gowa,Sulawesi Selatan,TASWIL1000020230928_DATA_BATAS_KABUPATEN,Lapak GIS - 2024,7306
417,73.07,73,Sinjai,Sulawesi Selatan,TASWIL1000020230928_DATA_BATAS_KABUPATEN,Lapak GIS - 2024,7307
418,73.08,73,Bone,Sulawesi Selatan,TASWIL1000020230928_DATA_BATAS_KABUPATEN,Lapak GIS - 2024,7308
419,73.09,73,Maros,Sulawesi Selatan,TASWIL1000020230928_DATA_BATAS_KABUPATEN,Lapak GIS - 2024,7309
420,73.10,73,Pangkajene dan Kepulauan,Sulawesi Selatan,TASWIL1000020230928_DATA_BATAS_KABUPATEN,Lapak GIS - 2024,7310
421,73.11,73,Barru,Sulawesi Selatan,TASWIL1000020230928_DATA_BATAS_KABUPATEN,Lapak GIS - 2024,7311
422,73.12,73,Soppeng,Sulawesi Selatan,TASWIL1000020230928_DATA_BATAS_KABUPATEN,Lapak GIS - 2024,7312
423,73.13,73,Wajo,Sulawesi Selatan,TASWIL1000020230928_DATA_BATAS_KABUPATEN,Lapak GIS - 2024,7313
424,73.14,73,Sidenreng Rappang,Sulawesi Selatan,TASWIL1000020230928_DATA_BATAS_KABUPATEN,Lapak GIS - 2024,7314
425,73.15,73,Pinrang,Sulawesi Selatan,TASWIL1000020230928_DATA_BATAS_KABUPATEN,Lapak GIS - 2024,7315
426,73.16,73,Enrekang,Sulawesi Selatan,TASWIL1000020230928_DATA_BATAS_KABUPATEN,Lapak GIS - 2024,7316
427,73.17,73,Luwu,Sulawesi Selatan,TASWIL1000020230928_DATA_BATAS_KABUPATEN,Lapak GIS - 2024,7317
428,73.18,73,Tana Toraja,Sulawesi Selatan,TASWIL1000020230928_DATA_BATAS_KABUPATEN,Lapak GIS - 2024,7318
429,73.22,73,Luwu Utara,Sulawesi Selatan,TASWIL1000020230928_DATA_BATAS_KABUPATEN,Lapak GIS - 2024,7322
430,73.24,73,Luwu Timur,Sulawesi Selatan,TASWIL1000020230928_DATA_BATAS_KABUPATEN,Lapak GIS - 2024,7324
431,73.26,73,Toraja Utara,Sulawesi Selatan,TASWIL1000020230928_DATA_BATAS_KABUPATEN,Lapak GIS - 2024,7326
432,73.71,73,Kota Makassar,Sulawesi Selatan,TASWIL1000020230928_DATA_BATAS_KABUPATEN,Lapak GIS - 2024,7371
433,73.72,73,Kota Parepare,Sulawesi Selatan,TASWIL1000020230928_DATA_BATAS_KABUPATEN,Lapak GIS - 2024,7372
434,73.73,73,Kota Palopo,Sulawesi Selatan,TASWIL1000020230928_DATA_BATAS_KABUPATEN,Lapak GIS - 2024,7373
435,74.01,74,Kolaka,Sulawesi Tenggara,TASWIL1000020230928_DATA_BATAS_KABUPATEN,Lapak GIS - 2024,7401
436,74.02,74,Konawe,Sulawesi Tenggara,TASWIL1000020230928_DATA_BATAS_KABUPATEN,Lapak GIS - 2024,7402
437,74.03,74,Muna,Sulawesi Tenggara,TASWIL1000020230928_DATA_BATAS_KABUPATEN,Lapak GIS - 2024,7403
438,74.04,74,Buton,Sulawesi Tenggara,TASWIL1000020230928_DATA_BATAS_KABUPATEN,Lapak GIS - 2024,7404
439,74.05,74,Konawe Selatan,Sulawesi Tenggara,TASWIL1000020230928_DATA_BATAS_KABUPATEN,Lapak GIS - 2024,7405
440,74.06,74,Bombana,Sulawesi Tenggara,TASWIL1000020230928_DATA_BATAS_KABUPATEN,Lapak GIS - 2024,7406
441,74.07,74,Wakatobi,Sulawesi Tenggara,TASWIL1000020230928_DATA_BATAS_KABUPATEN,Lapak GIS - 2024,7407
442,74.08,74,Kolaka Utara,Sulawesi Tenggara,TASWIL1000020230928_DATA_BATAS_KABUPATEN,Lapak GIS - 2024,7408
443,74.09,74,Konawe Utara,Sulawesi Tenggara,TASWIL1000020230928_DATA_BATAS_KABUPATEN,Lapak GIS - 2024,7409
444,74.10,74,Buton Utara,Sulawesi Tenggara,TASWIL1000020230928_DATA_BATAS_KABUPATEN,Lapak GIS - 2024,7410
445,74.11,74,Kolaka Timur,Sulawesi Tenggara,TASWIL1000020230928_DATA_BATAS_KABUPATEN,Lapak GIS - 2024,7411
446,74.12,74,Konawe Kepulauan,Sulawesi Tenggara,TASWIL1000020230928_DATA_BATAS_KABUPATEN,Lapak GIS - 2024,7412
447,74.13,74,Muna Barat,Sulawesi Tenggara,TASWIL1000020230928_DATA_BATAS_KABUPATEN,Lapak GIS - 2024,7413
448,74.14,74,Buton Tengah,Sulawesi Tenggara,TASWIL1000020230928_DATA_BATAS_KABUPATEN,Lapak GIS - 2024,7414
449,74.15,74,Buton Selatan,Sulawesi Tenggara,TASWIL1000020230928_DATA_BATAS_KABUPATEN,Lapak GIS - 2024,7415
450,74.71,74,Kota Kendari,Sulawesi Tenggara,TASWIL1000020230928_DATA_BATAS_KABUPATEN,Lapak GIS - 2024,7471
451,74.72,74,Kota Bau Bau,Sulawesi Tenggara,TASWIL1000020230928_DATA_BATAS_KABUPATEN,Lapak GIS - 2024,7472
452,75.01,75,Gorontalo,Gorontalo,TASWIL1000020230928_DATA_BATAS_KABUPATEN,Lapak GIS - 2024,7501
453,75.02,75,Boalemo,Gorontalo,TASWIL1000020230928_DATA_BATAS_KABUPATEN,Lapak GIS - 2024,7502
454,75.03,75,Bone Bolango,Gorontalo,TASWIL1000020230928_DATA_BATAS_KABUPATEN,Lapak GIS - 2024,7503
455,75.04,75,Pahuwato,Gorontalo,TASWIL1000020230928_DATA_BATAS_KABUPATEN,Lapak GIS - 2024,7504
456,75.04,75,Pohuwato,Gorontalo,TASWIL1000020230928_DATA_BATAS_KABUPATEN,Lapak GIS - 2024,7504
457,75.05,75,Gorontalo Utara,Gorontalo,TASWIL1000020230928_DATA_BATAS_KABUPATEN,Lapak GIS - 2024,7505
458,75.71,75,Kota Gorontalo,Gorontalo,TASWIL1000020230928_DATA_BATAS_KABUPATEN,Lapak GIS - 2024,7571
459,76.01,76,Pasangkayu,Sulawesi Barat,TASWIL1000020230928_DATA_BATAS_KABUPATEN,Lapak GIS - 2024,7601
460,76.02,76,Mamuju,Sulawesi Barat,TASWIL1000020230928_DATA_BATAS_KABUPATEN,Lapak GIS - 2024,7602
461,76.03,76,Mamasa,Sulawesi Barat,TASWIL1000020230928_DATA_BATAS_KABUPATEN,Lapak GIS - 2024,7603
462,76.04,76,Polewali Mandar,Sulawesi Barat,TASWIL1000020230928_DATA_BATAS_KABUPATEN,Lapak GIS - 2024,7604
463,76.05,76,Majene,Sulawesi Barat,TASWIL1000020230928_DATA_BATAS_KABUPATEN,Lapak GIS - 2024,7605
464,76.06,76,Mamuju Tengah,Sulawesi Barat,TASWIL1000020230928_DATA_BATAS_KABUPATEN,Lapak GIS - 2024,7606
465,81.01,81,Maluku Tengah,Maluku,TASWIL1000020230928_DATA_BATAS_KABUPATEN,Lapak GIS - 2024,8101
466,81.02,81,Maluku Tenggara,Maluku,TASWIL1000020230928_DATA_BATAS_KABUPATEN,Lapak GIS - 2024,8102
467,81.03,81,Kepulauan Tanimbar,Maluku,TASWIL1000020230928_DATA_BATAS_KABUPATEN,Lapak GIS - 2024,8103
468,81.04,81,Buru,Maluku,TASWIL1000020230928_DATA_BATAS_KABUPATEN,Lapak GIS - 2024,8104
469,81.05,81,Seram Bagian Timur,Maluku,TASWIL1000020230928_DATA_BATAS_KABUPATEN,Lapak GIS - 2024,8105
470,81.06,81,Seram Bagian Barat,Maluku,TASWIL1000020230928_DATA_BATAS_KABUPATEN,Lapak GIS - 2024,8106
471,81.07,81,Kepulauan Aru,Maluku,TASWIL1000020230928_DATA_BATAS_KABUPATEN,Lapak GIS - 2024,8107
472,81.08,81,Maluku Barat Daya,Maluku,TASWIL1000020230928_DATA_BATAS_KABUPATEN,Lapak GIS - 2024,8108
473,81.09,81,Buru Selatan,Maluku,TASWIL1000020230928_DATA_BATAS_KABUPATEN,Lapak GIS - 2024,8109
474,81.71,81,Kota Ambon,Maluku,TASWIL1000020230928_DATA_BATAS_KABUPATEN,Lapak GIS - 2024,8171
475,81.72,81,Kota Tual,Maluku,TASWIL1000020230928_DATA_BATAS_KABUPATEN,Lapak GIS - 2024,8172
476,82.01,82,Halmahera Barat,Maluku Utara,TASWIL1000020230928_DATA_BATAS_KABUPATEN,Lapak GIS - 2024,8201
477,82.02,82,Halmahera Tengah,Maluku Utara,TASWIL1000020230928_DATA_BATAS_KABUPATEN,Lapak GIS - 2024,8202
478,82.03,82,Halmahera Utara,Maluku Utara,TASWIL1000020230928_DATA_BATAS_KABUPATEN,Lapak GIS - 2024,8203
479,82.04,82,Halmahera Selatan,Maluku Utara,TASWIL1000020230928_DATA_BATAS_KABUPATEN,Lapak GIS - 2024,8204
480,82.05,82,Kepulauan Sula,Maluku Utara,TASWIL1000020230928_DATA_BATAS_KABUPATEN,Lapak GIS - 2024,8205
481,82.06,82,Halmahera Timur,Maluku Utara,TASWIL1000020230928_DATA_BATAS_KABUPATEN,Lapak GIS - 2024,8206
482,82.07,82,Pulau Morotai,Maluku Utara,TASWIL1000020230928_DATA_BATAS_KABUPATEN,Lapak GIS - 2024,8207
483,82.08,82,Pulau Taliabu,Maluku Utara,TASWIL1000020230928_DATA_BATAS_KABUPATEN,Lapak GIS - 2024,8208
484,82.71,82,Kota Ternate,Maluku Utara,TASWIL1000020230928_DATA_BATAS_KABUPATEN,Lapak GIS - 2024,8271
485,82.72,82,Kota Tidore Kepulauan,Maluku Utara,TASWIL1000020230928_DATA_BATAS_KABUPATEN,Lapak GIS - 2024,8272
486,91.03,91,Jayapura,Papua,TASWIL1000020230928_DATA_BATAS_KABUPATEN,Lapak GIS - 2024,9103
487,91.04,91,Nabire,Papua Tengah,TASWIL1000020230928_DATA_BATAS_KABUPATEN,Lapak GIS - 2024,9104
488,91.05,91,Kepulauan Yapen,Papua,TASWIL1000020230928_DATA_BATAS_KABUPATEN,Lapak GIS - 2024,9105
489,91.06,91,Biak Numfor,Papua,TASWIL1000020230928_DATA_BATAS_KABUPATEN,Lapak GIS - 2024,9106
490,91.08,91,Paniai,Papua Tengah,TASWIL1000020230928_DATA_BATAS_KABUPATEN,Lapak GIS - 2024,9108
491,91.10,91,Sarmi,Papua,TASWIL1000020230928_DATA_BATAS_KABUPATEN,Lapak GIS - 2024,9110
492,91.11,91,Keerom,Papua,TASWIL1000020230928_DATA_BATAS_KABUPATEN,Lapak GIS - 2024,9111
493,91.15,91,Waropen,Papua,TASWIL1000020230928_DATA_BATAS_KABUPATEN,Lapak GIS - 2024,9115
494,91.19,91,Supiori,Papua,TASWIL1000020230928_DATA_BATAS_KABUPATEN,Lapak GIS - 2024,9119
495,91.2,91,Mamberamo Raya,Papua,TASWIL1000020230928_DATA_BATAS_KABUPATEN,Lapak GIS - 2024,912
496,91.20,91,Mamberamo Raya,Papua,TASWIL1000020230928_DATA_BATAS_KABUPATEN,Lapak GIS - 2024,9120
497,91.28,91,Deiyai,Papua Tengah,TASWIL1000020230928_DATA_BATAS_KABUPATEN,Lapak GIS - 2024,9128
498,91.71,91,Kota Jayapura,Papua,TASWIL1000020230928_DATA_BATAS_KABUPATEN,Lapak GIS - 2024,9171
499,92.01,92,Sorong,Papua Barat,TASWIL1000020230928_DATA_BATAS_KABUPATEN,Lapak GIS - 2024,9201
500,92.01,92,Sorong,Papua Barat Daya,TASWIL1000020230928_DATA_BATAS_KABUPATEN,Lapak GIS - 2024,9201
501,92.02,92,Manokwari,Papua Barat,TASWIL1000020230928_DATA_BATAS_KABUPATEN,Lapak GIS - 2024,9202
502,92.03,92,Fak Fak,Papua Barat,TASWIL1000020230928_DATA_BATAS_KABUPATEN,Lapak GIS - 2024,9203
503,92.04,92,Sorong Selatan,Papua Barat Daya,TASWIL1000020230928_DATA_BATAS_KABUPATEN,Lapak GIS - 2024,9204
504,92.05,92,Raja Ampat,Papua Barat Daya,TASWIL1000020230928_DATA_BATAS_KABUPATEN,Lapak GIS - 2024,9205
505,92.06,92,Teluk Bintuni,Papua Barat,TASWIL1000020230928_DATA_BATAS_KABUPATEN,Lapak GIS - 2024,9206
506,92.07,92,Teluk Wondama,Papua Barat,TASWIL1000020230928_DATA_BATAS_KABUPATEN,Lapak GIS - 2024,9207
507,92.08,92,Kaimana,Papua Barat,TASWIL1000020230928_DATA_BATAS_KABUPATEN,Lapak GIS - 2024,9208
508,92.09,92,Tambrauw,Papua Barat Daya,TASWIL1000020230928_DATA_BATAS_KABUPATEN,Lapak GIS - 2024,9209
509,92.10,92,Maybrat,Papua Barat Daya,TASWIL1000020230928_DATA_BATAS_KABUPATEN,Lapak GIS - 2024,9210
510,92.11,92,Manokwari Selatan,Papua Barat,TASWIL1000020230928_DATA_BATAS_KABUPATEN,Lapak GIS - 2024,9211
511,92.12,92,Pegunungan Arfak,Papua Barat,TASWIL1000020230928_DATA_BATAS_KABUPATEN,Lapak GIS - 2024,9212
512,92.71,92,Kota Sorong,Papua Barat Daya,TASWIL1000020230928_DATA_BATAS_KABUPATEN,Lapak GIS - 2024,9271
513,93.01,93,Merauke,Papua Selatan,TASWIL1000020230928_DATA_BATAS_KABUPATEN,Lapak GIS - 2024,9301
514,93.02,93,Boven Digoel,Papua Selatan,TASWIL1000020230928_DATA_BATAS_KABUPATEN,Lapak GIS - 2024,9302
515,93.03,93,Mappi,Papua Selatan,TASWIL1000020230928_DATA_BATAS_KABUPATEN,Lapak GIS - 2024,9303
516,93.04,93,Asmat,Papua Selatan,TASWIL1000020230928_DATA_BATAS_KABUPATEN,Lapak GIS - 2024,9304
517,94.01,94,Nabire,Papua Tengah,TASWIL1000020230928_DATA_BATAS_KABUPATEN,Lapak GIS - 2024,9401
518,94.02,94,Puncak Jaya,Papua Tengah,TASWIL1000020230928_DATA_BATAS_KABUPATEN,Lapak GIS - 2024,9402
519,94.03,94,Paniai,Papua Tengah,TASWIL1000020230928_DATA_BATAS_KABUPATEN,Lapak GIS - 2024,9403
520,94.04,94,Mimika,Papua Tengah,TASWIL1000020230928_DATA_BATAS_KABUPATEN,Lapak GIS - 2024,9404
521,94.05,94,Puncak,Papua Tengah,TASWIL1000020230928_DATA_BATAS_KABUPATEN,Lapak GIS - 2024,9405
522,94.06,94,Dogiyai,Papua Tengah,TASWIL1000020230928_DATA_BATAS_KABUPATEN,Lapak GIS - 2024,9406
523,94.07,94,Intan Jaya,Papua Tengah,TASWIL1000020230928_DATA_BATAS_KABUPATEN,Lapak GIS - 2024,9407
524,94.08,94,Deiyai,Papua Tengah,TASWIL1000020230928_DATA_BATAS_KABUPATEN,Lapak GIS - 2024,9408
525,95.01,95,Jayawijaya,Papua Pegunungan,TASWIL1000020230928_DATA_BATAS_KABUPATEN,Lapak GIS - 2024,9501
526,95.02,95,Pegunungan Bintang,Papua Pegunungan,TASWIL1000020230928_DATA_BATAS_KABUPATEN,Lapak GIS - 2024,9502
527,95.03,95,Yahukimo,Papua Pegunungan,TASWIL1000020230928_DATA_BATAS_KABUPATEN,Lapak GIS - 2024,9503
528,95.04,95,Tolikara,Papua Pegunungan,TASWIL1000020230928_DATA_BATAS_KABUPATEN,Lapak GIS - 2024,9504
529,95.05,95,Mamberamo Tengah,Papua Pegunungan,TASWIL1000020230928_DATA_BATAS_KABUPATEN,Lapak GIS - 2024,9505
530,95.06,95,Yalimo,Papua Pegunungan,TASWIL1000020230928_DATA_BATAS_KABUPATEN,Lapak GIS - 2024,9506
531,95.07,95,Lanny Jaya,Papua Pegunungan,TASWIL1000020230928_DATA_BATAS_KABUPATEN,Lapak GIS - 2024,9507
532,95.08,95,Nduga,Papua Pegunungan,TASWIL1000020230928_DATA_BATAS_KABUPATEN,Lapak GIS - 2024,9508
